timestamp,target_column,cv_strategy,n_splits,n_train_rows,n_test_rows,n_features,rmse_mean,rmse_std,mae_mean,r2_mean,model_name,submission_path,experiment_name,excluded_features,metric_name,oof_rmse,best_iteration_mean,best_iteration_std,final_n_estimators,config_json,experiment_dir,summary_path,group_column,mae_std,oof_mae,improvement_notes,submission_alias,submission_local_path
20260402_143455,avg_delay_minutes_next_30m,group_kfold,5,250000,50000,107,21.94036998046392,0.619936534694031,10.176447555393766,0.3560196855018703,baseline_lightgbm_v1,outputs/submissions/submission_baseline_lightgbm_v1_20260402_143455.csv,,,,,,,,,,,,,,,,
20260403_192737,avg_delay_minutes_next_30m,group_kfold,5,250000,50000,107,21.94036998046392,0.619936534694031,10.176447555393766,0.3560196855018703,baseline_lightgbm_v1,outputs/submissions/submission_baseline_lightgbm_v1_20260403_192737.csv,,,,,,,,,,,,,,,,
20260403_202532,avg_delay_minutes_next_30m,group_kfold,5,250000,50000,104,21.7643534916322,0.65163363070146,,,baseline_lightgbm_rmse_v2,outputs/submissions/submission_baseline_lightgbm_rmse_v2_20260403_202532.csv,baseline_lightgbm_rmse_v2,ID|layout_id|scenario_id,rmse,21.77410639492201,117.4,34.49405745922042,117.0,"{""colsample_bytree"": 0.8, ""early_stopping_rounds"": 30, ""experiment_name"": ""baseline_lightgbm_rmse_v2"", ""learning_rate"": 0.05, ""log_evaluation_period"": 50, ""max_depth"": 7, ""n_estimators"": 300, ""num_leaves"": 63, ""random_state"": 42, ""reg_alpha"": 0.1, ""reg_lambda"": 0.1, ""subsample"": 0.8}",outputs/experiments/20260403_202532_baseline_lightgbm_rmse_v2,outputs/experiments/20260403_202532_baseline_lightgbm_rmse_v2/metrics.json,,,,,,
20260403_204521,avg_delay_minutes_next_30m,group_kfold,5,250000,50000,104,21.7643534916322,0.65163363070146,,,baseline_lightgbm_rmse_v2,outputs/submissions/submission_baseline_lightgbm_rmse_v2_20260403_204521.csv,baseline_lightgbm_rmse_v2,ID|layout_id|scenario_id,rmse,21.77410639492201,117.4,34.49405745922042,117.0,"{""colsample_bytree"": 0.8, ""early_stopping_rounds"": 30, ""experiment_name"": ""baseline_lightgbm_rmse_v2"", ""learning_rate"": 0.05, ""log_evaluation_period"": 50, ""max_depth"": 7, ""n_estimators"": 300, ""num_leaves"": 63, ""random_state"": 42, ""reg_alpha"": 0.1, ""reg_lambda"": 0.1, ""subsample"": 0.8}",outputs/experiments/20260403_204521_baseline_lightgbm_rmse_v2,outputs/experiments/20260403_204521_baseline_lightgbm_rmse_v2/metrics.json,,,,,,
20260403_205311,avg_delay_minutes_next_30m,group_kfold,5,250000,50000,104,21.75455270971629,0.6673365629751687,,,baseline_lightgbm_rmse_v3,outputs/submissions/submission_baseline_lightgbm_rmse_v3_20260403_205311.csv,baseline_lightgbm_rmse_v3,ID|layout_id|scenario_id,rmse,21.76478581764837,170.0,46.75467891024384,170.0,"{""colsample_bytree"": 0.8, ""early_stopping_rounds"": 30, ""experiment_name"": ""baseline_lightgbm_rmse_v3"", ""learning_rate"": 0.03, ""log_evaluation_period"": 50, ""max_depth"": 7, ""min_child_samples"": 20, ""n_estimators"": 800, ""num_leaves"": 63, ""random_state"": 42, ""reg_alpha"": 0.1, ""reg_lambda"": 0.1, ""subsample"": 0.8}",outputs/experiments/20260403_205311_baseline_lightgbm_rmse_v3,outputs/experiments/20260403_205311_baseline_lightgbm_rmse_v3/metrics.json,,,,,,
20260403_205948,avg_delay_minutes_next_30m,group_kfold,5,250000,50000,102,21.74419127723536,0.677508121845441,,,baseline_lightgbm_rmse_v4,outputs/submissions/submission_baseline_lightgbm_rmse_v4_20260403_205948.csv,baseline_lightgbm_rmse_v4,ID|layout_id|scenario_id|replenishment_overlap|task_reassign_15m,rmse,21.754743656411232,194.8,64.28499047211565,195.0,"{""colsample_bytree"": 0.8, ""early_stopping_rounds"": 30, ""experiment_name"": ""baseline_lightgbm_rmse_v4"", ""learning_rate"": 0.03, ""log_evaluation_period"": 50, ""max_depth"": 7, ""min_child_samples"": 20, ""n_estimators"": 800, ""num_leaves"": 63, ""random_state"": 42, ""reg_alpha"": 0.1, ""reg_lambda"": 0.1, ""subsample"": 0.8}",outputs/experiments/20260403_205948_baseline_lightgbm_rmse_v4,outputs/experiments/20260403_205948_baseline_lightgbm_rmse_v4/metrics.json,,,,,,
20260403_211207,avg_delay_minutes_next_30m,group_kfold,5,250000,50000,102,21.76636805801653,0.6550873160510948,,,baseline_lightgbm_rmse_v4_seed7,outputs/submissions/submission_baseline_lightgbm_rmse_v4_seed7_20260403_211207.csv,baseline_lightgbm_rmse_v4_seed7,ID|layout_id|scenario_id|replenishment_overlap|task_reassign_15m,rmse,21.77622368154528,193.2,47.23727341835047,193.0,"{""colsample_bytree"": 0.8, ""early_stopping_rounds"": 30, ""experiment_name"": ""baseline_lightgbm_rmse_v4_seed7"", ""learning_rate"": 0.03, ""log_evaluation_period"": 50, ""max_depth"": 7, ""min_child_samples"": 20, ""n_estimators"": 800, ""num_leaves"": 63, ""random_state"": ""7"", ""reg_alpha"": 0.1, ""reg_lambda"": 0.1, ""subsample"": 0.8}",outputs/experiments/20260403_211207_baseline_lightgbm_rmse_v4_seed7,outputs/experiments/20260403_211207_baseline_lightgbm_rmse_v4_seed7/metrics.json,,,,,,
20260403_211321,avg_delay_minutes_next_30m,group_kfold,5,250000,50000,102,21.75955744557462,0.6670767967533134,,,baseline_lightgbm_rmse_v4_seed21,outputs/submissions/submission_baseline_lightgbm_rmse_v4_seed21_20260403_211321.csv,baseline_lightgbm_rmse_v4_seed21,ID|layout_id|scenario_id|replenishment_overlap|task_reassign_15m,rmse,21.769780239589657,207.4,42.31122782430215,207.0,"{""colsample_bytree"": 0.8, ""early_stopping_rounds"": 30, ""experiment_name"": ""baseline_lightgbm_rmse_v4_seed21"", ""learning_rate"": 0.03, ""log_evaluation_period"": 50, ""max_depth"": 7, ""min_child_samples"": 20, ""n_estimators"": 800, ""num_leaves"": 63, ""random_state"": ""21"", ""reg_alpha"": 0.1, ""reg_lambda"": 0.1, ""subsample"": 0.8}",outputs/experiments/20260403_211321_baseline_lightgbm_rmse_v4_seed21,outputs/experiments/20260403_211321_baseline_lightgbm_rmse_v4_seed21/metrics.json,,,,,,
20260403_211412,avg_delay_minutes_next_30m,group_kfold,5,250000,50000,102,21.75927283895964,0.6662770060539083,,,baseline_lightgbm_rmse_v4_seed84,outputs/submissions/submission_baseline_lightgbm_rmse_v4_seed84_20260403_211412.csv,baseline_lightgbm_rmse_v4_seed84,ID|layout_id|scenario_id|replenishment_overlap|task_reassign_15m,rmse,21.769471273530804,186.8,56.47441898771513,187.0,"{""colsample_bytree"": 0.8, ""early_stopping_rounds"": 30, ""experiment_name"": ""baseline_lightgbm_rmse_v4_seed84"", ""learning_rate"": 0.03, ""log_evaluation_period"": 50, ""max_depth"": 7, ""min_child_samples"": 20, ""n_estimators"": 800, ""num_leaves"": 63, ""random_state"": ""84"", ""reg_alpha"": 0.1, ""reg_lambda"": 0.1, ""subsample"": 0.8}",outputs/experiments/20260403_211412_baseline_lightgbm_rmse_v4_seed84,outputs/experiments/20260403_211412_baseline_lightgbm_rmse_v4_seed84/metrics.json,,,,,,
20260404_013753,avg_delay_minutes_next_30m,group_kfold,5,250000,50000,102,21.751643976481017,0.6792822667673828,9.844030106833063,,exp01_group_scenario_baseline,outputs/submissions/submission_exp01_group_scenario_baseline_20260404_013753.csv,exp01_group_scenario_baseline,ID|replenishment_overlap|task_reassign_15m|layout_id|scenario_id,mae,21.762248047422112,170.4,20.105720578979508,170.0,"{""add_environment_features"": false, ""add_robot_balance_features"": false, ""add_workload_features"": false, ""colsample_bytree"": 0.8, ""early_stopping_rounds"": 30, ""experiment_name"": ""exp01_group_scenario_baseline"", ""group_column"": ""scenario_id"", ""learning_rate"": 0.03, ""log_evaluation_period"": 50, ""max_depth"": 7, ""min_child_samples"": 20, ""n_estimators"": 800, ""n_splits"": 5, ""num_leaves"": 63, ""reg_alpha"": 0.1, ""reg_lambda"": 0.1, ""seed"": 42, ""subsample"": 0.8, ""use_layout_id"": false, ""use_log_target"": false, ""use_scenario_id"": false, ""validation_type"": ""group_kfold""}",outputs/experiments/20260404_013753_exp01_group_scenario_baseline,outputs/experiments/20260404_013753_exp01_group_scenario_baseline/metrics.json,scenario_id,0.1372100340186073,9.844030106833069,baseline scenario groupkfold MAE tracking,submission_14.csv,outputs/submissions_local/submission_14.csv
20260404_022314,avg_delay_minutes_next_30m,group_kfold,5,250000,50000,103,21.75759629864736,0.6727254271242715,9.849036881488397,,exp02_group_scenario_layoutid,outputs/submissions/submission_exp02_group_scenario_layoutid_20260404_022314.csv,exp02_group_scenario_layoutid,ID|replenishment_overlap|task_reassign_15m|scenario_id,mae,21.76799384865801,161.8,21.488601629701268,162.0,"{""add_environment_features"": false, ""add_robot_balance_features"": false, ""add_workload_features"": false, ""colsample_bytree"": 0.8, ""early_stopping_rounds"": 30, ""experiment_name"": ""exp02_group_scenario_layoutid"", ""group_column"": ""scenario_id"", ""learning_rate"": 0.03, ""log_evaluation_period"": 50, ""max_depth"": 7, ""min_child_samples"": 20, ""n_estimators"": 800, ""n_splits"": 5, ""num_leaves"": 63, ""reg_alpha"": 0.1, ""reg_lambda"": 0.1, ""seed"": 42, ""subsample"": 0.8, ""use_layout_id"": ""true"", ""use_log_target"": false, ""use_scenario_id"": false, ""validation_type"": ""group_kfold""}",outputs/experiments/20260404_022314_exp02_group_scenario_layoutid,outputs/experiments/20260404_022314_exp02_group_scenario_layoutid/metrics.json,scenario_id,0.1371390345232244,9.849036881488397,enable layout_id categorical feature,submission_15.csv,outputs/submissions_local/submission_15.csv
20260404_023028,avg_delay_minutes_next_30m,group_kfold,5,250000,50000,102,21.73674631948817,1.9387361877350056,9.907821992461592,,exp03_group_layout_baseline,outputs/submissions/submission_exp03_group_layout_baseline_20260404_023028.csv,exp03_group_layout_baseline,ID|replenishment_overlap|task_reassign_15m|layout_id|scenario_id,mae,21.823034586496345,165.4,44.27911471563089,165.0,"{""add_environment_features"": false, ""add_robot_balance_features"": false, ""add_workload_features"": false, ""colsample_bytree"": 0.8, ""early_stopping_rounds"": 30, ""experiment_name"": ""exp03_group_layout_baseline"", ""group_column"": ""layout_id"", ""learning_rate"": 0.03, ""log_evaluation_period"": 50, ""max_depth"": 7, ""min_child_samples"": 20, ""n_estimators"": 800, ""n_splits"": 5, ""num_leaves"": 63, ""reg_alpha"": 0.1, ""reg_lambda"": 0.1, ""seed"": 42, ""subsample"": 0.8, ""use_layout_id"": false, ""use_log_target"": false, ""use_scenario_id"": false, ""validation_type"": ""group_kfold""}",outputs/experiments/20260404_023028_exp03_group_layout_baseline,outputs/experiments/20260404_023028_exp03_group_layout_baseline/metrics.json,layout_id,0.3606539333626004,9.90782199246159,switch validation grouping from scenario_id to layout_id,submission_16.csv,outputs/submissions_local/submission_16.csv
20260404_023208,avg_delay_minutes_next_30m,kfold,5,250000,50000,102,18.721590669605984,0.3183181172284753,8.417998948933734,,exp04_kfold_baseline,outputs/submissions/submission_exp04_kfold_baseline_20260404_023208.csv,exp04_kfold_baseline,ID|replenishment_overlap|task_reassign_15m|layout_id|scenario_id,mae,18.724296612263803,800.0,0.0,800.0,"{""add_environment_features"": false, ""add_robot_balance_features"": false, ""add_workload_features"": false, ""colsample_bytree"": 0.8, ""early_stopping_rounds"": 30, ""experiment_name"": ""exp04_kfold_baseline"", ""group_column"": ""scenario_id"", ""learning_rate"": 0.03, ""log_evaluation_period"": 50, ""max_depth"": 7, ""min_child_samples"": 20, ""n_estimators"": 800, ""n_splits"": 5, ""num_leaves"": 63, ""reg_alpha"": 0.1, ""reg_lambda"": 0.1, ""seed"": 42, ""subsample"": 0.8, ""use_layout_id"": false, ""use_log_target"": false, ""use_scenario_id"": false, ""validation_type"": ""kfold""}",outputs/experiments/20260404_023208_exp04_kfold_baseline,outputs/experiments/20260404_023208_exp04_kfold_baseline/metrics.json,-,0.0552553642252823,8.417998948933734,switch validation to shuffled kfold baseline,submission_17.csv,outputs/submissions_local/submission_17.csv
20260404_023521,avg_delay_minutes_next_30m,kfold,5,250000,50000,102,18.01206516398555,0.3306181293297933,7.909775824791946,,exp05_kfold_tuned_trees,outputs/submissions/submission_exp05_kfold_tuned_trees_20260404_023521.csv,exp05_kfold_tuned_trees,ID|replenishment_overlap|task_reassign_15m|layout_id|scenario_id,mae,18.01509921757589,600.0,0.0,600.0,"{""add_environment_features"": false, ""add_robot_balance_features"": false, ""add_workload_features"": false, ""colsample_bytree"": 0.9, ""early_stopping_rounds"": 30, ""experiment_name"": ""exp05_kfold_tuned_trees"", ""group_column"": ""scenario_id"", ""learning_rate"": 0.03, ""log_evaluation_period"": 50, ""max_depth"": 10, ""min_child_samples"": 30, ""n_estimators"": 600, ""n_splits"": 5, ""num_leaves"": 127, ""reg_alpha"": 0.05, ""reg_lambda"": 0.05, ""seed"": 42, ""subsample"": 0.9, ""use_layout_id"": false, ""use_log_target"": false, ""use_scenario_id"": false, ""validation_type"": ""kfold""}",outputs/experiments/20260404_023521_exp05_kfold_tuned_trees,outputs/experiments/20260404_023521_exp05_kfold_tuned_trees/metrics.json,-,0.0436477626555589,7.909775824791946,kfold with deeper trees and milder regularization,submission_18.csv,outputs/submissions_local/submission_18.csv
20260404_023629,avg_delay_minutes_next_30m,kfold,5,250000,50000,102,20.039580362728607,0.2973811234912316,9.17087272245416,,exp06_kfold_regularized,outputs/submissions/submission_exp06_kfold_regularized_20260404_023629.csv,exp06_kfold_regularized,ID|replenishment_overlap|task_reassign_15m|layout_id|scenario_id,mae,20.04178676283297,500.0,0.0,500.0,"{""add_environment_features"": false, ""add_robot_balance_features"": false, ""add_workload_features"": false, ""colsample_bytree"": 0.8, ""early_stopping_rounds"": 30, ""experiment_name"": ""exp06_kfold_regularized"", ""group_column"": ""scenario_id"", ""learning_rate"": 0.03, ""log_evaluation_period"": 50, ""max_depth"": 6, ""min_child_samples"": 50, ""n_estimators"": 500, ""n_splits"": 5, ""num_leaves"": 31, ""reg_alpha"": 0.3, ""reg_lambda"": 0.3, ""seed"": 42, ""subsample"": 0.8, ""use_layout_id"": false, ""use_log_target"": false, ""use_scenario_id"": false, ""validation_type"": ""kfold""}",outputs/experiments/20260404_023629_exp06_kfold_regularized,outputs/experiments/20260404_023629_exp06_kfold_regularized/metrics.json,-,0.0393148310421978,9.17087272245416,kfold with smaller leaves and stronger regularization,submission_19.csv,outputs/submissions_local/submission_19.csv
20260404_023733,avg_delay_minutes_next_30m,kfold,5,250000,50000,106,19.19391551202257,0.2882816993008265,8.709931655125075,,exp07_kfold_robot_features,outputs/submissions/submission_exp07_kfold_robot_features_20260404_023733.csv,exp07_kfold_robot_features,ID|replenishment_overlap|task_reassign_15m|layout_id|scenario_id,mae,19.1960803035623,499.8,0.4,500.0,"{""add_environment_features"": false, ""add_robot_balance_features"": true, ""add_workload_features"": false, ""colsample_bytree"": 0.8, ""early_stopping_rounds"": 30, ""experiment_name"": ""exp07_kfold_robot_features"", ""group_column"": ""scenario_id"", ""learning_rate"": 0.03, ""log_evaluation_period"": 50, ""max_depth"": 7, ""min_child_samples"": 20, ""n_estimators"": 500, ""n_splits"": 5, ""num_leaves"": 63, ""reg_alpha"": 0.1, ""reg_lambda"": 0.1, ""seed"": 42, ""subsample"": 0.8, ""use_layout_id"": false, ""use_log_target"": false, ""use_scenario_id"": false, ""validation_type"": ""kfold""}",outputs/experiments/20260404_023733_exp07_kfold_robot_features,outputs/experiments/20260404_023733_exp07_kfold_robot_features/metrics.json,-,0.0348710400759061,8.709931655125075,kfold plus robot balance engineered features,submission_20.csv,outputs/submissions_local/submission_20.csv
20260404_023837,avg_delay_minutes_next_30m,kfold,5,250000,50000,107,19.208164117429163,0.2848355711618074,8.711439731122377,,exp08_kfold_workload_features,outputs/submissions/submission_exp08_kfold_workload_features_20260404_023837.csv,exp08_kfold_workload_features,ID|replenishment_overlap|task_reassign_15m|scenario_id,mae,19.21027589767238,500.0,0.0,500.0,"{""add_environment_features"": false, ""add_robot_balance_features"": false, ""add_workload_features"": true, ""colsample_bytree"": 0.8, ""early_stopping_rounds"": 30, ""experiment_name"": ""exp08_kfold_workload_features"", ""group_column"": ""scenario_id"", ""learning_rate"": 0.03, ""log_evaluation_period"": 50, ""max_depth"": 7, ""min_child_samples"": 20, ""n_estimators"": 500, ""n_splits"": 5, ""num_leaves"": 63, ""reg_alpha"": 0.1, ""reg_lambda"": 0.1, ""seed"": 42, ""subsample"": 0.8, ""use_layout_id"": true, ""use_log_target"": false, ""use_scenario_id"": false, ""validation_type"": ""kfold""}",outputs/experiments/20260404_023837_exp08_kfold_workload_features,outputs/experiments/20260404_023837_exp08_kfold_workload_features/metrics.json,-,0.0315200896640848,8.711439731122377,kfold plus workload engineered features and layout_id,submission_21.csv,outputs/submissions_local/submission_21.csv
20260404_023942,avg_delay_minutes_next_30m,kfold,5,250000,50000,110,19.20423315352422,0.3026456990491662,8.71463416161793,,exp09_kfold_env_workload,outputs/submissions/submission_exp09_kfold_env_workload_20260404_023942.csv,exp09_kfold_env_workload,ID|replenishment_overlap|task_reassign_15m|scenario_id,mae,19.206617751027164,500.0,0.0,500.0,"{""add_environment_features"": true, ""add_robot_balance_features"": false, ""add_workload_features"": true, ""colsample_bytree"": 0.8, ""early_stopping_rounds"": 30, ""experiment_name"": ""exp09_kfold_env_workload"", ""group_column"": ""scenario_id"", ""learning_rate"": 0.03, ""log_evaluation_period"": 50, ""max_depth"": 7, ""min_child_samples"": 20, ""n_estimators"": 500, ""n_splits"": 5, ""num_leaves"": 63, ""reg_alpha"": 0.1, ""reg_lambda"": 0.1, ""seed"": 42, ""subsample"": 0.8, ""use_layout_id"": true, ""use_log_target"": false, ""use_scenario_id"": false, ""validation_type"": ""kfold""}",outputs/experiments/20260404_023942_exp09_kfold_env_workload,outputs/experiments/20260404_023942_exp09_kfold_env_workload/metrics.json,-,0.0423853196965784,8.714634161617926,kfold plus environment and workload features,submission_22.csv,outputs/submissions_local/submission_22.csv
20260404_024046,avg_delay_minutes_next_30m,kfold,5,250000,50000,107,22.327040623284866,0.316441981420405,8.20191190258456,,exp10_kfold_logtarget_combo,outputs/submissions/submission_exp10_kfold_logtarget_combo_20260404_024046.csv,exp10_kfold_logtarget_combo,ID|replenishment_overlap|task_reassign_15m|scenario_id,mae,22.32928298269826,500.0,0.0,500.0,"{""add_environment_features"": false, ""add_robot_balance_features"": false, ""add_workload_features"": true, ""colsample_bytree"": 0.8, ""early_stopping_rounds"": 30, ""experiment_name"": ""exp10_kfold_logtarget_combo"", ""group_column"": ""scenario_id"", ""learning_rate"": 0.05, ""log_evaluation_period"": 50, ""max_depth"": 7, ""min_child_samples"": 20, ""n_estimators"": 500, ""n_splits"": 5, ""num_leaves"": 63, ""reg_alpha"": 0.1, ""reg_lambda"": 0.1, ""seed"": 42, ""subsample"": 0.8, ""use_layout_id"": true, ""use_log_target"": true, ""use_scenario_id"": false, ""validation_type"": ""kfold""}",outputs/experiments/20260404_024046_exp10_kfold_logtarget_combo,outputs/experiments/20260404_024046_exp10_kfold_logtarget_combo/metrics.json,-,0.0393582208674635,8.201911902584559,kfold with log target and workload features,submission_23.csv,outputs/submissions_local/submission_23.csv
20260404_094941,avg_delay_minutes_next_30m,kfold,5,250000,50000,88,20.29542579035853,0.3225186928403878,9.18712082903111,,exp11_kfold_tuned_no_layoutinfo,outputs/submissions/submission_exp11_kfold_tuned_no_layoutinfo_20260404_094941.csv,exp11_kfold_tuned_no_layoutinfo,ID|replenishment_overlap|task_reassign_15m|layout_type|aisle_width_avg|intersection_count|one_way_ratio|pack_station_count|charger_count|layout_compactness|zone_dispersion|robot_total|building_age_years|floor_area_sqm|ceiling_height_m|fire_sprinkler_count|emergency_exit_count|layout_id|scenario_id,mae,20.297988233299915,600.0,0.0,600.0,"{""add_environment_features"": false, ""add_robot_balance_features"": false, ""add_workload_features"": false, ""colsample_bytree"": 0.9, ""early_stopping_rounds"": 30, ""experiment_name"": ""exp11_kfold_tuned_no_layoutinfo"", ""group_column"": ""scenario_id"", ""learning_rate"": 0.03, ""log_evaluation_period"": 50, ""max_depth"": 10, ""min_child_samples"": 30, ""n_estimators"": 600, ""n_splits"": 5, ""num_leaves"": 127, ""reg_alpha"": 0.05, ""reg_lambda"": 0.05, ""seed"": 42, ""subsample"": 0.9, ""use_layout_id"": false, ""use_layout_info"": false, ""use_log_target"": false, ""use_scenario_id"": false, ""validation_type"": ""kfold""}",outputs/experiments/20260404_094941_exp11_kfold_tuned_no_layoutinfo,outputs/experiments/20260404_094941_exp11_kfold_tuned_no_layoutinfo/metrics.json,-,0.0576242984663948,9.187120829031114,kfold tuned trees without layout_info metadata,submission_24.csv,outputs/submissions_local/submission_24.csv
20260404_095122,avg_delay_minutes_next_30m,kfold,5,250000,50000,102,18.01206516398555,0.3306181293297933,7.909775824791946,,exp12_kfold_tuned_with_layoutinfo,outputs/submissions/submission_exp12_kfold_tuned_with_layoutinfo_20260404_095122.csv,exp12_kfold_tuned_with_layoutinfo,ID|replenishment_overlap|task_reassign_15m|layout_id|scenario_id,mae,18.01509921757589,600.0,0.0,600.0,"{""add_environment_features"": false, ""add_robot_balance_features"": false, ""add_workload_features"": false, ""colsample_bytree"": 0.9, ""early_stopping_rounds"": 30, ""experiment_name"": ""exp12_kfold_tuned_with_layoutinfo"", ""group_column"": ""scenario_id"", ""learning_rate"": 0.03, ""log_evaluation_period"": 50, ""max_depth"": 10, ""min_child_samples"": 30, ""n_estimators"": 600, ""n_splits"": 5, ""num_leaves"": 127, ""reg_alpha"": 0.05, ""reg_lambda"": 0.05, ""seed"": 42, ""subsample"": 0.9, ""use_layout_id"": false, ""use_layout_info"": true, ""use_log_target"": false, ""use_scenario_id"": false, ""validation_type"": ""kfold""}",outputs/experiments/20260404_095122_exp12_kfold_tuned_with_layoutinfo,outputs/experiments/20260404_095122_exp12_kfold_tuned_with_layoutinfo/metrics.json,-,0.0436477626555589,7.909775824791946,kfold tuned trees with layout_info metadata restored,submission_25.csv,outputs/submissions_local/submission_25.csv
20260404_111006,avg_delay_minutes_next_30m,kfold,5,250000,50000,103,21.7170415920416,0.3420020409614097,7.78387355095042,,exp13_kfold_tuned_log_layoutid,outputs/submissions/submission_exp13_kfold_tuned_log_layoutid_20260404_111006.csv,exp13_kfold_tuned_log_layoutid,ID|replenishment_overlap|task_reassign_15m|scenario_id,mae,21.719734365467872,700.0,0.0,700.0,"{""add_environment_features"": false, ""add_robot_balance_features"": false, ""add_workload_features"": false, ""colsample_bytree"": 0.9, ""early_stopping_rounds"": 30, ""experiment_name"": ""exp13_kfold_tuned_log_layoutid"", ""group_column"": ""scenario_id"", ""learning_rate"": 0.03, ""log_evaluation_period"": 100, ""max_depth"": 10, ""min_child_samples"": 30, ""n_estimators"": 700, ""n_splits"": 5, ""num_leaves"": 127, ""reg_alpha"": 0.05, ""reg_lambda"": 0.05, ""seed"": 42, ""subsample"": 0.9, ""use_layout_id"": true, ""use_layout_info"": true, ""use_log_target"": true, ""use_scenario_id"": false, ""validation_type"": ""kfold""}",outputs/experiments/20260404_111006_exp13_kfold_tuned_log_layoutid,outputs/experiments/20260404_111006_exp13_kfold_tuned_log_layoutid/metrics.json,-,0.0511228308336313,7.78387355095042,"tuned trees with layout_info, layout_id, and log target",submission_26.csv,outputs/submissions_local/submission_26.csv
20260404_111211,avg_delay_minutes_next_30m,kfold,5,250000,50000,107,21.747415617870463,0.3528199530051403,7.794795581962776,,exp14_kfold_tuned_log_workload_layoutid,outputs/submissions/submission_exp14_kfold_tuned_log_workload_layoutid_20260404_111211.csv,exp14_kfold_tuned_log_workload_layoutid,ID|replenishment_overlap|task_reassign_15m|scenario_id,mae,21.75027742295796,700.0,0.0,700.0,"{""add_environment_features"": false, ""add_robot_balance_features"": false, ""add_workload_features"": true, ""colsample_bytree"": 0.9, ""early_stopping_rounds"": 30, ""experiment_name"": ""exp14_kfold_tuned_log_workload_layoutid"", ""group_column"": ""scenario_id"", ""learning_rate"": 0.03, ""log_evaluation_period"": 100, ""max_depth"": 10, ""min_child_samples"": 30, ""n_estimators"": 700, ""n_splits"": 5, ""num_leaves"": 127, ""reg_alpha"": 0.05, ""reg_lambda"": 0.05, ""seed"": 42, ""subsample"": 0.9, ""use_layout_id"": true, ""use_layout_info"": true, ""use_log_target"": true, ""use_scenario_id"": false, ""validation_type"": ""kfold""}",outputs/experiments/20260404_111211_exp14_kfold_tuned_log_workload_layoutid,outputs/experiments/20260404_111211_exp14_kfold_tuned_log_workload_layoutid/metrics.json,-,0.035558959575299,7.794795581962778,"tuned trees plus workload features, layout_info, layout_id, and log target",submission_27.csv,outputs/submissions_local/submission_27.csv
20260404_123530,avg_delay_minutes_next_30m,kfold,5,250000,50000,103,21.695355008763293,0.619960766776449,7.7652838598743585,,exp15_seed7_lr003_leaf127_depth10_mc30_sub09_col09_ra005_rl005,outputs/submissions/submission_exp15_seed7_lr003_leaf127_depth10_mc30_sub09_col09_ra005_rl005_20260404_123530.csv,exp15_seed7_lr003_leaf127_depth10_mc30_sub09_col09_ra005_rl005,ID|replenishment_overlap|task_reassign_15m|scenario_id,mae,21.70421111924165,700.0,0.0,700.0,"{""add_environment_features"": false, ""add_robot_balance_features"": false, ""add_workload_features"": false, ""colsample_bytree"": 0.9, ""early_stopping_rounds"": 30, ""experiment_name"": ""exp15_seed7_lr003_leaf127_depth10_mc30_sub09_col09_ra005_rl005"", ""group_column"": ""scenario_id"", ""learning_rate"": 0.03, ""log_evaluation_period"": 100, ""max_depth"": 10, ""min_child_samples"": 30, ""n_estimators"": 700, ""n_splits"": 5, ""num_leaves"": 127, ""reg_alpha"": 0.05, ""reg_lambda"": 0.05, ""seed"": 7, ""subsample"": 0.9, ""use_layout_id"": true, ""use_layout_info"": true, ""use_log_target"": true, ""use_scenario_id"": false, ""validation_type"": ""kfold""}",outputs/experiments/20260404_123530_exp15_seed7_lr003_leaf127_depth10_mc30_sub09_col09_ra005_rl005,outputs/experiments/20260404_123530_exp15_seed7_lr003_leaf127_depth10_mc30_sub09_col09_ra005_rl005/metrics.json,-,0.1519412529341426,7.765283859874359,exp15_seed7_lr003_leaf127_depth10_mc30_sub09_col09_ra005_rl005 sweep around exp13,submission_28.csv,outputs/submissions_local/submission_28.csv
20260404_123723,avg_delay_minutes_next_30m,kfold,5,250000,50000,103,21.725482838271965,0.259536680206466,7.789322455157728,,exp16_seed21_lr003_leaf127_depth10_mc30_sub09_col09_ra005_rl005,outputs/submissions/submission_exp16_seed21_lr003_leaf127_depth10_mc30_sub09_col09_ra005_rl005_20260404_123723.csv,exp16_seed21_lr003_leaf127_depth10_mc30_sub09_col09_ra005_rl005,ID|replenishment_overlap|task_reassign_15m|scenario_id,mae,21.727033019821697,700.0,0.0,700.0,"{""add_environment_features"": false, ""add_robot_balance_features"": false, ""add_workload_features"": false, ""colsample_bytree"": 0.9, ""early_stopping_rounds"": 30, ""experiment_name"": ""exp16_seed21_lr003_leaf127_depth10_mc30_sub09_col09_ra005_rl005"", ""group_column"": ""scenario_id"", ""learning_rate"": 0.03, ""log_evaluation_period"": 100, ""max_depth"": 10, ""min_child_samples"": 30, ""n_estimators"": 700, ""n_splits"": 5, ""num_leaves"": 127, ""reg_alpha"": 0.05, ""reg_lambda"": 0.05, ""seed"": 21, ""subsample"": 0.9, ""use_layout_id"": true, ""use_layout_info"": true, ""use_log_target"": true, ""use_scenario_id"": false, ""validation_type"": ""kfold""}",outputs/experiments/20260404_123723_exp16_seed21_lr003_leaf127_depth10_mc30_sub09_col09_ra005_rl005,outputs/experiments/20260404_123723_exp16_seed21_lr003_leaf127_depth10_mc30_sub09_col09_ra005_rl005/metrics.json,-,0.0393766697110417,7.78932245515773,exp16_seed21_lr003_leaf127_depth10_mc30_sub09_col09_ra005_rl005 sweep around exp13,submission_29.csv,outputs/submissions_local/submission_29.csv
20260404_123917,avg_delay_minutes_next_30m,kfold,5,250000,50000,103,21.69489312799834,0.679846607383583,7.781999216047941,,exp17_seed84_lr003_leaf127_depth10_mc30_sub09_col09_ra005_rl005,outputs/submissions/submission_exp17_seed84_lr003_leaf127_depth10_mc30_sub09_col09_ra005_rl005_20260404_123917.csv,exp17_seed84_lr003_leaf127_depth10_mc30_sub09_col09_ra005_rl005,ID|replenishment_overlap|task_reassign_15m|scenario_id,mae,21.705542592730566,700.0,0.0,700.0,"{""add_environment_features"": false, ""add_robot_balance_features"": false, ""add_workload_features"": false, ""colsample_bytree"": 0.9, ""early_stopping_rounds"": 30, ""experiment_name"": ""exp17_seed84_lr003_leaf127_depth10_mc30_sub09_col09_ra005_rl005"", ""group_column"": ""scenario_id"", ""learning_rate"": 0.03, ""log_evaluation_period"": 100, ""max_depth"": 10, ""min_child_samples"": 30, ""n_estimators"": 700, ""n_splits"": 5, ""num_leaves"": 127, ""reg_alpha"": 0.05, ""reg_lambda"": 0.05, ""seed"": 84, ""subsample"": 0.9, ""use_layout_id"": true, ""use_layout_info"": true, ""use_log_target"": true, ""use_scenario_id"": false, ""validation_type"": ""kfold""}",outputs/experiments/20260404_123917_exp17_seed84_lr003_leaf127_depth10_mc30_sub09_col09_ra005_rl005,outputs/experiments/20260404_123917_exp17_seed84_lr003_leaf127_depth10_mc30_sub09_col09_ra005_rl005/metrics.json,-,0.0952499627475096,7.781999216047941,exp17_seed84_lr003_leaf127_depth10_mc30_sub09_col09_ra005_rl005 sweep around exp13,submission_30.csv,outputs/submissions_local/submission_30.csv
20260404_124210,avg_delay_minutes_next_30m,kfold,5,250000,50000,103,21.6102451055686,0.3429299940448803,7.698430276942945,,exp18_lr002_leaf127_depth10_mc20_sub09_col09_ra003_rl003,outputs/submissions/submission_exp18_lr002_leaf127_depth10_mc20_sub09_col09_ra003_rl003_20260404_124210.csv,exp18_lr002_leaf127_depth10_mc20_sub09_col09_ra003_rl003,ID|replenishment_overlap|task_reassign_15m|scenario_id,mae,21.61296588864118,1200.0,0.0,1200.0,"{""add_environment_features"": false, ""add_robot_balance_features"": false, ""add_workload_features"": false, ""colsample_bytree"": 0.9, ""early_stopping_rounds"": 30, ""experiment_name"": ""exp18_lr002_leaf127_depth10_mc20_sub09_col09_ra003_rl003"", ""group_column"": ""scenario_id"", ""learning_rate"": 0.02, ""log_evaluation_period"": 100, ""max_depth"": 10, ""min_child_samples"": 20, ""n_estimators"": 1200, ""n_splits"": 5, ""num_leaves"": 127, ""reg_alpha"": 0.03, ""reg_lambda"": 0.03, ""seed"": 42, ""subsample"": 0.9, ""use_layout_id"": true, ""use_layout_info"": true, ""use_log_target"": true, ""use_scenario_id"": false, ""validation_type"": ""kfold""}",outputs/experiments/20260404_124210_exp18_lr002_leaf127_depth10_mc20_sub09_col09_ra003_rl003,outputs/experiments/20260404_124210_exp18_lr002_leaf127_depth10_mc20_sub09_col09_ra003_rl003/metrics.json,-,0.0463401905063938,7.698430276942943,exp18_lr002_leaf127_depth10_mc20_sub09_col09_ra003_rl003 sweep around exp13,submission_31.csv,outputs/submissions_local/submission_31.csv
20260404_124449,avg_delay_minutes_next_30m,kfold,5,250000,50000,103,21.37157485892254,0.3412232501814554,7.495884099632802,,exp19_lr0025_leaf159_depth11_mc20_sub095_col085_ra002_rl002,outputs/submissions/submission_exp19_lr0025_leaf159_depth11_mc20_sub095_col085_ra002_rl002_20260404_124449.csv,exp19_lr0025_leaf159_depth11_mc20_sub095_col085_ra002_rl002,ID|replenishment_overlap|task_reassign_15m|scenario_id,mae,21.37429870795752,1000.0,0.0,1000.0,"{""add_environment_features"": false, ""add_robot_balance_features"": false, ""add_workload_features"": false, ""colsample_bytree"": 0.85, ""early_stopping_rounds"": 30, ""experiment_name"": ""exp19_lr0025_leaf159_depth11_mc20_sub095_col085_ra002_rl002"", ""group_column"": ""scenario_id"", ""learning_rate"": 0.025, ""log_evaluation_period"": 100, ""max_depth"": 11, ""min_child_samples"": 20, ""n_estimators"": 1000, ""n_splits"": 5, ""num_leaves"": 159, ""reg_alpha"": 0.02, ""reg_lambda"": 0.02, ""seed"": 42, ""subsample"": 0.95, ""use_layout_id"": true, ""use_layout_info"": true, ""use_log_target"": true, ""use_scenario_id"": false, ""validation_type"": ""kfold""}",outputs/experiments/20260404_124449_exp19_lr0025_leaf159_depth11_mc20_sub095_col085_ra002_rl002,outputs/experiments/20260404_124449_exp19_lr0025_leaf159_depth11_mc20_sub095_col085_ra002_rl002/metrics.json,-,0.0416638033184849,7.495884099632802,exp19_lr0025_leaf159_depth11_mc20_sub095_col085_ra002_rl002 sweep around exp13,submission_32.csv,outputs/submissions_local/submission_32.csv
20260404_124639,avg_delay_minutes_next_30m,kfold,5,250000,50000,103,21.706697510004943,0.324042301590805,7.747958878765161,,exp20_lr0035_leaf95_depth9_mc40_sub085_col095_ra008_rl008,outputs/submissions/submission_exp20_lr0035_leaf95_depth9_mc40_sub085_col095_ra008_rl008_20260404_124639.csv,exp20_lr0035_leaf95_depth9_mc40_sub085_col095_ra008_rl008,ID|replenishment_overlap|task_reassign_15m|scenario_id,mae,21.70911606224618,800.0,0.0,800.0,"{""add_environment_features"": false, ""add_robot_balance_features"": false, ""add_workload_features"": false, ""colsample_bytree"": 0.95, ""early_stopping_rounds"": 30, ""experiment_name"": ""exp20_lr0035_leaf95_depth9_mc40_sub085_col095_ra008_rl008"", ""group_column"": ""scenario_id"", ""learning_rate"": 0.035, ""log_evaluation_period"": 100, ""max_depth"": 9, ""min_child_samples"": 40, ""n_estimators"": 800, ""n_splits"": 5, ""num_leaves"": 95, ""reg_alpha"": 0.08, ""reg_lambda"": 0.08, ""seed"": 42, ""subsample"": 0.85, ""use_layout_id"": true, ""use_layout_info"": true, ""use_log_target"": true, ""use_scenario_id"": false, ""validation_type"": ""kfold""}",outputs/experiments/20260404_124639_exp20_lr0035_leaf95_depth9_mc40_sub085_col095_ra008_rl008,outputs/experiments/20260404_124639_exp20_lr0035_leaf95_depth9_mc40_sub085_col095_ra008_rl008/metrics.json,-,0.0450468283399522,7.747958878765162,exp20_lr0035_leaf95_depth9_mc40_sub085_col095_ra008_rl008 sweep around exp13,submission_33.csv,outputs/submissions_local/submission_33.csv
20260404_124924,avg_delay_minutes_next_30m,kfold,5,250000,50000,103,21.13102299149704,0.332061707983115,7.297655938694672,,exp21_lr003_leaf191_depth12_mc15_sub09_col09_ra001_rl001,outputs/submissions/submission_exp21_lr003_leaf191_depth12_mc15_sub09_col09_ra001_rl001_20260404_124924.csv,exp21_lr003_leaf191_depth12_mc15_sub09_col09_ra001_rl001,ID|replenishment_overlap|task_reassign_15m|scenario_id,mae,21.1336319085264,900.0,0.0,900.0,"{""add_environment_features"": false, ""add_robot_balance_features"": false, ""add_workload_features"": false, ""colsample_bytree"": 0.9, ""early_stopping_rounds"": 30, ""experiment_name"": ""exp21_lr003_leaf191_depth12_mc15_sub09_col09_ra001_rl001"", ""group_column"": ""scenario_id"", ""learning_rate"": 0.03, ""log_evaluation_period"": 100, ""max_depth"": 12, ""min_child_samples"": 15, ""n_estimators"": 900, ""n_splits"": 5, ""num_leaves"": 191, ""reg_alpha"": 0.01, ""reg_lambda"": 0.01, ""seed"": 42, ""subsample"": 0.9, ""use_layout_id"": true, ""use_layout_info"": true, ""use_log_target"": true, ""use_scenario_id"": false, ""validation_type"": ""kfold""}",outputs/experiments/20260404_124924_exp21_lr003_leaf191_depth12_mc15_sub09_col09_ra001_rl001,outputs/experiments/20260404_124924_exp21_lr003_leaf191_depth12_mc15_sub09_col09_ra001_rl001/metrics.json,-,0.0294670471030181,7.297655938694674,exp21_lr003_leaf191_depth12_mc15_sub09_col09_ra001_rl001 sweep around exp13,submission_34.csv,outputs/submissions_local/submission_34.csv
20260404_125142,avg_delay_minutes_next_30m,kfold,5,250000,50000,104,21.5649190006468,0.3606174720995791,7.6315327430227455,,exp22_lr0025_leaf127_depth10_mc25_sub10_col08_ra005_rl005_scenario,outputs/submissions/submission_exp22_lr0025_leaf127_depth10_mc25_sub10_col08_ra005_rl005_scenario_20260404_125142.csv,exp22_lr0025_leaf127_depth10_mc25_sub10_col08_ra005_rl005_scenario,ID|replenishment_overlap|task_reassign_15m,mae,21.567933986954817,1000.0,0.0,1000.0,"{""add_environment_features"": false, ""add_robot_balance_features"": false, ""add_workload_features"": false, ""colsample_bytree"": 0.8, ""early_stopping_rounds"": 30, ""experiment_name"": ""exp22_lr0025_leaf127_depth10_mc25_sub10_col08_ra005_rl005_scenario"", ""group_column"": ""scenario_id"", ""learning_rate"": 0.025, ""log_evaluation_period"": 100, ""max_depth"": 10, ""min_child_samples"": 25, ""n_estimators"": 1000, ""n_splits"": 5, ""num_leaves"": 127, ""reg_alpha"": 0.05, ""reg_lambda"": 0.05, ""seed"": 42, ""subsample"": 1.0, ""use_layout_id"": true, ""use_layout_info"": true, ""use_log_target"": true, ""use_scenario_id"": true, ""validation_type"": ""kfold""}",outputs/experiments/20260404_125142_exp22_lr0025_leaf127_depth10_mc25_sub10_col08_ra005_rl005_scenario,outputs/experiments/20260404_125142_exp22_lr0025_leaf127_depth10_mc25_sub10_col08_ra005_rl005_scenario/metrics.json,-,0.0508757680055541,7.631532743022747,exp22_lr0025_leaf127_depth10_mc25_sub10_col08_ra005_rl005_scenario sweep around exp13,submission_35.csv,outputs/submissions_local/submission_35.csv
20260404_125339,avg_delay_minutes_next_30m,kfold,5,250000,50000,107,21.668423345526406,0.3396950465807029,7.757103274525711,,exp23_lr003_leaf127_depth10_mc30_sub09_col09_ra005_rl005_robot,outputs/submissions/submission_exp23_lr003_leaf127_depth10_mc30_sub09_col09_ra005_rl005_robot_20260404_125339.csv,exp23_lr003_leaf127_depth10_mc30_sub09_col09_ra005_rl005_robot,ID|replenishment_overlap|task_reassign_15m|scenario_id,mae,21.671085875092302,700.0,0.0,700.0,"{""add_environment_features"": false, ""add_robot_balance_features"": true, ""add_workload_features"": false, ""colsample_bytree"": 0.9, ""early_stopping_rounds"": 30, ""experiment_name"": ""exp23_lr003_leaf127_depth10_mc30_sub09_col09_ra005_rl005_robot"", ""group_column"": ""scenario_id"", ""learning_rate"": 0.03, ""log_evaluation_period"": 100, ""max_depth"": 10, ""min_child_samples"": 30, ""n_estimators"": 700, ""n_splits"": 5, ""num_leaves"": 127, ""reg_alpha"": 0.05, ""reg_lambda"": 0.05, ""seed"": 42, ""subsample"": 0.9, ""use_layout_id"": true, ""use_layout_info"": true, ""use_log_target"": true, ""use_scenario_id"": false, ""validation_type"": ""kfold""}",outputs/experiments/20260404_125339_exp23_lr003_leaf127_depth10_mc30_sub09_col09_ra005_rl005_robot,outputs/experiments/20260404_125339_exp23_lr003_leaf127_depth10_mc30_sub09_col09_ra005_rl005_robot/metrics.json,-,0.0450444813489496,7.757103274525712,exp23_lr003_leaf127_depth10_mc30_sub09_col09_ra005_rl005_robot sweep around exp13,submission_36.csv,outputs/submissions_local/submission_36.csv
20260404_125620,avg_delay_minutes_next_30m,kfold,5,250000,50000,107,21.437644847154733,0.3404655377936077,7.535327721213049,,exp24_lr0025_leaf143_depth10_mc25_sub09_col09_ra003_rl003_robot,outputs/submissions/submission_exp24_lr0025_leaf143_depth10_mc25_sub09_col09_ra003_rl003_robot_20260404_125620.csv,exp24_lr0025_leaf143_depth10_mc25_sub09_col09_ra003_rl003_robot,ID|replenishment_overlap|task_reassign_15m|scenario_id,mae,21.44034825685359,1000.0,0.0,1000.0,"{""add_environment_features"": false, ""add_robot_balance_features"": true, ""add_workload_features"": false, ""colsample_bytree"": 0.9, ""early_stopping_rounds"": 30, ""experiment_name"": ""exp24_lr0025_leaf143_depth10_mc25_sub09_col09_ra003_rl003_robot"", ""group_column"": ""scenario_id"", ""learning_rate"": 0.025, ""log_evaluation_period"": 100, ""max_depth"": 10, ""min_child_samples"": 25, ""n_estimators"": 1000, ""n_splits"": 5, ""num_leaves"": 143, ""reg_alpha"": 0.03, ""reg_lambda"": 0.03, ""seed"": 42, ""subsample"": 0.9, ""use_layout_id"": true, ""use_layout_info"": true, ""use_log_target"": true, ""use_scenario_id"": false, ""validation_type"": ""kfold""}",outputs/experiments/20260404_125620_exp24_lr0025_leaf143_depth10_mc25_sub09_col09_ra003_rl003_robot,outputs/experiments/20260404_125620_exp24_lr0025_leaf143_depth10_mc25_sub09_col09_ra003_rl003_robot/metrics.json,-,0.0436744630262812,7.535327721213048,exp24_lr0025_leaf143_depth10_mc25_sub09_col09_ra003_rl003_robot sweep around exp13,submission_37.csv,outputs/submissions_local/submission_37.csv
20260404_131802,avg_delay_minutes_next_30m,kfold,5,250000,50000,103,21.039086719137963,0.3869935335175398,7.212685923279333,,exp25_lr0025_leaf191_depth12_mc15_sub09_col09_ra0005_rl0005,outputs/submissions/submission_exp25_lr0025_leaf191_depth12_mc15_sub09_col09_ra0005_rl0005_20260404_131802.csv,exp25_lr0025_leaf191_depth12_mc15_sub09_col09_ra0005_rl0005,ID|replenishment_overlap|task_reassign_15m|scenario_id,mae,21.042645602927205,1200.0,0.0,1200.0,"{""add_environment_features"": false, ""add_robot_balance_features"": false, ""add_workload_features"": false, ""colsample_bytree"": 0.9, ""early_stopping_rounds"": 30, ""experiment_name"": ""exp25_lr0025_leaf191_depth12_mc15_sub09_col09_ra0005_rl0005"", ""group_column"": ""scenario_id"", ""learning_rate"": 0.025, ""log_evaluation_period"": 100, ""max_depth"": 12, ""min_child_samples"": 15, ""n_estimators"": 1200, ""n_splits"": 5, ""num_leaves"": 191, ""reg_alpha"": 0.005, ""reg_lambda"": 0.005, ""seed"": 42, ""subsample"": 0.9, ""use_layout_id"": true, ""use_layout_info"": true, ""use_log_target"": true, ""use_scenario_id"": false, ""validation_type"": ""kfold""}",outputs/experiments/20260404_131802_exp25_lr0025_leaf191_depth12_mc15_sub09_col09_ra0005_rl0005,outputs/experiments/20260404_131802_exp25_lr0025_leaf191_depth12_mc15_sub09_col09_ra0005_rl0005/metrics.json,-,0.0441094481255538,7.212685923279333,exp25_lr0025_leaf191_depth12_mc15_sub09_col09_ra0005_rl0005 sweep around exp21,submission_38.csv,outputs/submissions_local/submission_38.csv
20260404_132153,avg_delay_minutes_next_30m,kfold,5,250000,50000,103,21.03846883969405,0.387178690642153,7.235241899206483,,exp26_lr002_leaf191_depth12_mc10_sub09_col09_ra0_rl0,outputs/submissions/submission_exp26_lr002_leaf191_depth12_mc10_sub09_col09_ra0_rl0_20260404_132153.csv,exp26_lr002_leaf191_depth12_mc10_sub09_col09_ra0_rl0,ID|replenishment_overlap|task_reassign_15m|scenario_id,mae,21.04203123411009,1500.0,0.0,1500.0,"{""add_environment_features"": false, ""add_robot_balance_features"": false, ""add_workload_features"": false, ""colsample_bytree"": 0.9, ""early_stopping_rounds"": 30, ""experiment_name"": ""exp26_lr002_leaf191_depth12_mc10_sub09_col09_ra0_rl0"", ""group_column"": ""scenario_id"", ""learning_rate"": 0.02, ""log_evaluation_period"": 100, ""max_depth"": 12, ""min_child_samples"": 10, ""n_estimators"": 1500, ""n_splits"": 5, ""num_leaves"": 191, ""reg_alpha"": 0.0, ""reg_lambda"": 0.0, ""seed"": 42, ""subsample"": 0.9, ""use_layout_id"": true, ""use_layout_info"": true, ""use_log_target"": true, ""use_scenario_id"": false, ""validation_type"": ""kfold""}",outputs/experiments/20260404_132153_exp26_lr002_leaf191_depth12_mc10_sub09_col09_ra0_rl0,outputs/experiments/20260404_132153_exp26_lr002_leaf191_depth12_mc10_sub09_col09_ra0_rl0/metrics.json,-,0.05013814493966,7.235241899206482,exp26_lr002_leaf191_depth12_mc10_sub09_col09_ra0_rl0 sweep around exp21,submission_39.csv,outputs/submissions_local/submission_39.csv
20260404_132450,avg_delay_minutes_next_30m,kfold,5,250000,50000,103,20.92097035788593,0.3437043081688515,7.123510954973604,,exp27_lr003_leaf223_depth13_mc12_sub09_col09_ra0_rl0,outputs/submissions/submission_exp27_lr003_leaf223_depth13_mc12_sub09_col09_ra0_rl0_20260404_132450.csv,exp27_lr003_leaf223_depth13_mc12_sub09_col09_ra0_rl0,ID|replenishment_overlap|task_reassign_15m|scenario_id,mae,20.923793474582844,1000.0,0.0,1000.0,"{""add_environment_features"": false, ""add_robot_balance_features"": false, ""add_workload_features"": false, ""colsample_bytree"": 0.9, ""early_stopping_rounds"": 30, ""experiment_name"": ""exp27_lr003_leaf223_depth13_mc12_sub09_col09_ra0_rl0"", ""group_column"": ""scenario_id"", ""learning_rate"": 0.03, ""log_evaluation_period"": 100, ""max_depth"": 13, ""min_child_samples"": 12, ""n_estimators"": 1000, ""n_splits"": 5, ""num_leaves"": 223, ""reg_alpha"": 0.0, ""reg_lambda"": 0.0, ""seed"": 42, ""subsample"": 0.9, ""use_layout_id"": true, ""use_layout_info"": true, ""use_log_target"": true, ""use_scenario_id"": false, ""validation_type"": ""kfold""}",outputs/experiments/20260404_132450_exp27_lr003_leaf223_depth13_mc12_sub09_col09_ra0_rl0,outputs/experiments/20260404_132450_exp27_lr003_leaf223_depth13_mc12_sub09_col09_ra0_rl0/metrics.json,-,0.0424401249326988,7.123510954973605,exp27_lr003_leaf223_depth13_mc12_sub09_col09_ra0_rl0 sweep around exp21,submission_40.csv,outputs/submissions_local/submission_40.csv
20260404_132749,avg_delay_minutes_next_30m,kfold,5,250000,50000,103,20.9167772026222,0.3651637643789583,7.109556390088353,,exp28_lr003_leaf255_depth14_mc10_sub09_col09_ra0_rl0,outputs/submissions/submission_exp28_lr003_leaf255_depth14_mc10_sub09_col09_ra0_rl0_20260404_132749.csv,exp28_lr003_leaf255_depth14_mc10_sub09_col09_ra0_rl0,ID|replenishment_overlap|task_reassign_15m|scenario_id,mae,20.919964462659856,900.0,0.0,900.0,"{""add_environment_features"": false, ""add_robot_balance_features"": false, ""add_workload_features"": false, ""colsample_bytree"": 0.9, ""early_stopping_rounds"": 30, ""experiment_name"": ""exp28_lr003_leaf255_depth14_mc10_sub09_col09_ra0_rl0"", ""group_column"": ""scenario_id"", ""learning_rate"": 0.03, ""log_evaluation_period"": 100, ""max_depth"": 14, ""min_child_samples"": 10, ""n_estimators"": 900, ""n_splits"": 5, ""num_leaves"": 255, ""reg_alpha"": 0.0, ""reg_lambda"": 0.0, ""seed"": 42, ""subsample"": 0.9, ""use_layout_id"": true, ""use_layout_info"": true, ""use_log_target"": true, ""use_scenario_id"": false, ""validation_type"": ""kfold""}",outputs/experiments/20260404_132749_exp28_lr003_leaf255_depth14_mc10_sub09_col09_ra0_rl0,outputs/experiments/20260404_132749_exp28_lr003_leaf255_depth14_mc10_sub09_col09_ra0_rl0/metrics.json,-,0.0392784536448441,7.109556390088354,exp28_lr003_leaf255_depth14_mc10_sub09_col09_ra0_rl0 sweep around exp21,submission_41.csv,outputs/submissions_local/submission_41.csv
20260404_133120,avg_delay_minutes_next_30m,kfold,5,250000,50000,103,20.88137698271689,0.3459567589026138,7.064349640187794,,exp29_lr0028_leaf223_depth12_mc15_sub095_col09_ra0005_rl0005,outputs/submissions/submission_exp29_lr0028_leaf223_depth12_mc15_sub095_col09_ra0005_rl0005_20260404_133120.csv,exp29_lr0028_leaf223_depth12_mc15_sub095_col09_ra0005_rl0005,ID|replenishment_overlap|task_reassign_15m|scenario_id,mae,20.88424264303997,1100.0,0.0,1100.0,"{""add_environment_features"": false, ""add_robot_balance_features"": false, ""add_workload_features"": false, ""colsample_bytree"": 0.9, ""early_stopping_rounds"": 30, ""experiment_name"": ""exp29_lr0028_leaf223_depth12_mc15_sub095_col09_ra0005_rl0005"", ""group_column"": ""scenario_id"", ""learning_rate"": 0.028, ""log_evaluation_period"": 100, ""max_depth"": 12, ""min_child_samples"": 15, ""n_estimators"": 1100, ""n_splits"": 5, ""num_leaves"": 223, ""reg_alpha"": 0.005, ""reg_lambda"": 0.005, ""seed"": 42, ""subsample"": 0.95, ""use_layout_id"": true, ""use_layout_info"": true, ""use_log_target"": true, ""use_scenario_id"": false, ""validation_type"": ""kfold""}",outputs/experiments/20260404_133120_exp29_lr0028_leaf223_depth12_mc15_sub095_col09_ra0005_rl0005,outputs/experiments/20260404_133120_exp29_lr0028_leaf223_depth12_mc15_sub095_col09_ra0005_rl0005/metrics.json,-,0.0389222453109638,7.064349640187794,exp29_lr0028_leaf223_depth12_mc15_sub095_col09_ra0005_rl0005 sweep around exp21,submission_42.csv,outputs/submissions_local/submission_42.csv
20260404_133518,avg_delay_minutes_next_30m,kfold,5,250000,50000,103,20.77931118472215,0.3589208265869287,6.962522999323795,,exp30_lr0025_leaf255_depth13_mc20_sub09_col085_ra001_rl001,outputs/submissions/submission_exp30_lr0025_leaf255_depth13_mc20_sub09_col085_ra001_rl001_20260404_133518.csv,exp30_lr0025_leaf255_depth13_mc20_sub09_col085_ra001_rl001,ID|replenishment_overlap|task_reassign_15m|scenario_id,mae,20.78241077140179,1200.0,0.0,1200.0,"{""add_environment_features"": false, ""add_robot_balance_features"": false, ""add_workload_features"": false, ""colsample_bytree"": 0.85, ""early_stopping_rounds"": 30, ""experiment_name"": ""exp30_lr0025_leaf255_depth13_mc20_sub09_col085_ra001_rl001"", ""group_column"": ""scenario_id"", ""learning_rate"": 0.025, ""log_evaluation_period"": 100, ""max_depth"": 13, ""min_child_samples"": 20, ""n_estimators"": 1200, ""n_splits"": 5, ""num_leaves"": 255, ""reg_alpha"": 0.01, ""reg_lambda"": 0.01, ""seed"": 42, ""subsample"": 0.9, ""use_layout_id"": true, ""use_layout_info"": true, ""use_log_target"": true, ""use_scenario_id"": false, ""validation_type"": ""kfold""}",outputs/experiments/20260404_133518_exp30_lr0025_leaf255_depth13_mc20_sub09_col085_ra001_rl001,outputs/experiments/20260404_133518_exp30_lr0025_leaf255_depth13_mc20_sub09_col085_ra001_rl001/metrics.json,-,0.0396897449000913,6.962522999323795,exp30_lr0025_leaf255_depth13_mc20_sub09_col085_ra001_rl001 sweep around exp21,submission_43.csv,outputs/submissions_local/submission_43.csv
20260404_133805,avg_delay_minutes_next_30m,kfold,5,250000,50000,107,21.076669618480302,0.3550942724329177,7.282706152353954,,exp31_lr003_leaf191_depth12_mc15_sub09_col09_ra0005_rl0005_robot,outputs/submissions/submission_exp31_lr003_leaf191_depth12_mc15_sub09_col09_ra0005_rl0005_robot_20260404_133805.csv,exp31_lr003_leaf191_depth12_mc15_sub09_col09_ra0005_rl0005_robot,ID|replenishment_overlap|task_reassign_15m|scenario_id,mae,21.07966067442466,900.0,0.0,900.0,"{""add_environment_features"": false, ""add_robot_balance_features"": true, ""add_workload_features"": false, ""colsample_bytree"": 0.9, ""early_stopping_rounds"": 30, ""experiment_name"": ""exp31_lr003_leaf191_depth12_mc15_sub09_col09_ra0005_rl0005_robot"", ""group_column"": ""scenario_id"", ""learning_rate"": 0.03, ""log_evaluation_period"": 100, ""max_depth"": 12, ""min_child_samples"": 15, ""n_estimators"": 900, ""n_splits"": 5, ""num_leaves"": 191, ""reg_alpha"": 0.005, ""reg_lambda"": 0.005, ""seed"": 42, ""subsample"": 0.9, ""use_layout_id"": true, ""use_layout_info"": true, ""use_log_target"": true, ""use_scenario_id"": false, ""validation_type"": ""kfold""}",outputs/experiments/20260404_133805_exp31_lr003_leaf191_depth12_mc15_sub09_col09_ra0005_rl0005_robot,outputs/experiments/20260404_133805_exp31_lr003_leaf191_depth12_mc15_sub09_col09_ra0005_rl0005_robot/metrics.json,-,0.0442294042526593,7.282706152353954,exp31_lr003_leaf191_depth12_mc15_sub09_col09_ra0005_rl0005_robot sweep around exp21,submission_44.csv,outputs/submissions_local/submission_44.csv
20260404_134056,avg_delay_minutes_next_30m,kfold,5,250000,50000,107,21.152710661340883,0.3196903699253222,7.314871788005824,,exp32_lr003_leaf191_depth12_mc15_sub09_col09_ra0005_rl0005_workload,outputs/submissions/submission_exp32_lr003_leaf191_depth12_mc15_sub09_col09_ra0005_rl0005_workload_20260404_134056.csv,exp32_lr003_leaf191_depth12_mc15_sub09_col09_ra0005_rl0005_workload,ID|replenishment_overlap|task_reassign_15m|scenario_id,mae,21.15512633512329,900.0,0.0,900.0,"{""add_environment_features"": false, ""add_robot_balance_features"": false, ""add_workload_features"": true, ""colsample_bytree"": 0.9, ""early_stopping_rounds"": 30, ""experiment_name"": ""exp32_lr003_leaf191_depth12_mc15_sub09_col09_ra0005_rl0005_workload"", ""group_column"": ""scenario_id"", ""learning_rate"": 0.03, ""log_evaluation_period"": 100, ""max_depth"": 12, ""min_child_samples"": 15, ""n_estimators"": 900, ""n_splits"": 5, ""num_leaves"": 191, ""reg_alpha"": 0.005, ""reg_lambda"": 0.005, ""seed"": 42, ""subsample"": 0.9, ""use_layout_id"": true, ""use_layout_info"": true, ""use_log_target"": true, ""use_scenario_id"": false, ""validation_type"": ""kfold""}",outputs/experiments/20260404_134056_exp32_lr003_leaf191_depth12_mc15_sub09_col09_ra0005_rl0005_workload,outputs/experiments/20260404_134056_exp32_lr003_leaf191_depth12_mc15_sub09_col09_ra0005_rl0005_workload/metrics.json,-,0.0352909349719618,7.314871788005824,exp32_lr003_leaf191_depth12_mc15_sub09_col09_ra0005_rl0005_workload sweep around exp21,submission_45.csv,outputs/submissions_local/submission_45.csv
20260404_134351,avg_delay_minutes_next_30m,kfold,5,250000,50000,110,21.14532248091089,0.3506704989205327,7.314544714787272,,exp33_lr003_leaf191_depth12_mc15_sub09_col09_ra0005_rl0005_envwork,outputs/submissions/submission_exp33_lr003_leaf191_depth12_mc15_sub09_col09_ra0005_rl0005_envwork_20260404_134351.csv,exp33_lr003_leaf191_depth12_mc15_sub09_col09_ra0005_rl0005_envwork,ID|replenishment_overlap|task_reassign_15m|scenario_id,mae,21.148230011528835,900.0,0.0,900.0,"{""add_environment_features"": true, ""add_robot_balance_features"": false, ""add_workload_features"": true, ""colsample_bytree"": 0.9, ""early_stopping_rounds"": 30, ""experiment_name"": ""exp33_lr003_leaf191_depth12_mc15_sub09_col09_ra0005_rl0005_envwork"", ""group_column"": ""scenario_id"", ""learning_rate"": 0.03, ""log_evaluation_period"": 100, ""max_depth"": 12, ""min_child_samples"": 15, ""n_estimators"": 900, ""n_splits"": 5, ""num_leaves"": 191, ""reg_alpha"": 0.005, ""reg_lambda"": 0.005, ""seed"": 42, ""subsample"": 0.9, ""use_layout_id"": true, ""use_layout_info"": true, ""use_log_target"": true, ""use_scenario_id"": false, ""validation_type"": ""kfold""}",outputs/experiments/20260404_134351_exp33_lr003_leaf191_depth12_mc15_sub09_col09_ra0005_rl0005_envwork,outputs/experiments/20260404_134351_exp33_lr003_leaf191_depth12_mc15_sub09_col09_ra0005_rl0005_envwork/metrics.json,-,0.0373555147157531,7.3145447147872735,exp33_lr003_leaf191_depth12_mc15_sub09_col09_ra0005_rl0005_envwork sweep around exp21,submission_46.csv,outputs/submissions_local/submission_46.csv
20260404_134830,avg_delay_minutes_next_30m,kfold,5,250000,50000,103,20.78472853011217,0.409941860445373,6.992230667845838,,exp34_lr0022_leaf223_depth14_mc8_sub095_col095_ra0_rl0,outputs/submissions/submission_exp34_lr0022_leaf223_depth14_mc8_sub095_col095_ra0_rl0_20260404_134830.csv,exp34_lr0022_leaf223_depth14_mc8_sub095_col095_ra0_rl0,ID|replenishment_overlap|task_reassign_15m|scenario_id,mae,20.78877082464003,1600.0,0.0,1600.0,"{""add_environment_features"": false, ""add_robot_balance_features"": false, ""add_workload_features"": false, ""colsample_bytree"": 0.95, ""early_stopping_rounds"": 30, ""experiment_name"": ""exp34_lr0022_leaf223_depth14_mc8_sub095_col095_ra0_rl0"", ""group_column"": ""scenario_id"", ""learning_rate"": 0.022, ""log_evaluation_period"": 100, ""max_depth"": 14, ""min_child_samples"": 8, ""n_estimators"": 1600, ""n_splits"": 5, ""num_leaves"": 223, ""reg_alpha"": 0.0, ""reg_lambda"": 0.0, ""seed"": 42, ""subsample"": 0.95, ""use_layout_id"": true, ""use_layout_info"": true, ""use_log_target"": true, ""use_scenario_id"": false, ""validation_type"": ""kfold""}",outputs/experiments/20260404_134830_exp34_lr0022_leaf223_depth14_mc8_sub095_col095_ra0_rl0,outputs/experiments/20260404_134830_exp34_lr0022_leaf223_depth14_mc8_sub095_col095_ra0_rl0/metrics.json,-,0.05984869188478848,6.9922306678458375,exp34_lr0022_leaf223_depth14_mc8_sub095_col095_ra0_rl0 sweep around exp21,submission_47.csv,outputs/submissions_local/submission_47.csv
